x_value,y_value,eye_side,Intoxication
48.68571472167969,14.638094902038574,1,1
50.989742279052734,19.074359893798828,1,1
52.86333465576172,19.886667251586914,1,1
50.104652404785156,21.182170867919922,1,1
49.11650466918945,21.822006225585938,1,1
48.75091552734375,21.622711181640625,0,1
49.01893997192383,23.56818199157715,0,1
49.304595947265625,20.41666603088379,0,1
48.53318405151367,20.004474639892578,1,1
37.911109924316406,14.121739387512207,0,1
41.13725662231445,18.061920166015625,0,1
39.4234504699707,17.05038833618164,0,1
38.160621643066406,15.70120906829834,0,1
37.30195236206055,15.78371524810791,0,1
37.51963424682617,15.786131858825684,0,1
37.66753387451172,14.979166984558105,0,1
32.990474700927734,14.102380752563477,0,1
35.35053253173828,14.692874908447266,0,1
41.38787841796875,14.357575416564941,1,1
40.85897445678711,13.448718070983887,1,1
40.041996002197266,13.729659080505371,1,1
39.267398834228516,12.516483306884766,1,1
40.3917121887207,13.269303321838379,1,1
40.18888854980469,13.604762077331543,1,1
39.19618225097656,12.921875,1,1
39.204246520996094,12.772875785827637,0,1
40.60512924194336,13.79316234588623,1,1
39.727272033691406,12.456140518188477,1,1
38.893035888671875,13.288557052612305,1,1
40.03333282470703,12.190476417541504,1,1
39.204246520996094,11.772875785827637,1,1
39.38605499267578,12.732993125915527,1,1
38.89743423461914,11.63931655883789,1,1
39.26597595214844,11.948186874389648,1,1
40.03721618652344,13.129449844360352,1,1
39.27016067504883,12.120967864990234,1,1
38.25925827026367,11.839031219482422,1,1
38.16524124145508,10.804842948913574,1,1
38.13418197631836,11.848870277404785,1,1
38.13418197631836,10.848870277404785,1,1
38.58687210083008,11.114542961120605,1,1
32.1715202331543,19.184465408325195,1,1
30.991525650024414,18.793785095214844,1,1
38.43764114379883,11.42630386352539,1,1
27.29166603088379,16.258333206176758,1,1
38.72314453125,11.571428298950195,1,1
28.21527862548828,18.22569465637207,1,1
24.743589401245117,16.05769157409668,1,1
28.96478843688965,15.227699279785156,1,1
28.507246017456055,17.7608699798584,1,1
31.0,16.3125,1,1
25.705427169799805,14.534883499145508,1,1
26.119205474853516,15.770419120788574,1,1
33.777042388916016,18.9735107421875,1,1
29.89873504638672,15.867088317871094,1,1
29.89873504638672,15.867088317871094,1,1
29.744234085083008,15.689727783203125,1,1
26.347736358642578,15.847736358642578,1,1
27.897058486938477,17.45833396911621,1,1
35.270530700683594,18.408212661743164,1,1
27.637889862060547,15.820143699645996,1,1
24.391498565673828,15.695749282836914,1,1
20.887556076049805,14.89026927947998,0,1
24.484848022460938,13.466666221618652,1,1
38.98223876953125,11.903005599975586,1,1
39.174468994140625,12.042552947998047,0,1
39.174468994140625,12.042552947998047,0,1
39.098453521728516,10.945147514343262,1,1
23.892019271850586,17.018779754638672,1,1
39.03748321533203,12.02008056640625,1,1
40.12044906616211,10.957983016967773,1,1
30.187301635742188,19.0222225189209,1,1
30.84000015258789,19.34666633605957,1,1
26.70760154724121,16.03508758544922,1,1
32.170833587646484,16.64583396911621,1,1
28.3099422454834,16.72514533996582,1,1
25.60360336303711,15.486486434936523,1,1
30.18431282043457,17.18431282043457,1,1
14.911765098571777,10.509803771972656,1,1
23.302831649780273,16.44444465637207,1,1
25.518293380737305,14.233739852905273,1,1
24.238094329833984,14.7619047164917,0,1
25.397260665893555,14.472602844238281,1,1
34.95082092285156,19.631147384643555,1,1
28.648578643798828,16.78553009033203,1,1
28.648578643798828,16.78553009033203,1,1
25.068750381469727,16.006250381469727,1,1
26.572463989257812,15.871980667114258,1,1
28.503704071044922,15.227160453796387,1,1
26.064516067504883,17.05645179748535,1,1
27.35416603088379,14.600000381469727,1,1
24.68402862548828,13.32638931274414,1,1
22.690696716308594,15.406940460205078,1,1
36.011417388916016,19.09360694885254,1,1
20.443138122558594,13.035294532775879,0,1
26.04166603088379,17.05208396911621,0,1
29.211639404296875,8.788359642028809,1,1
32.10293960571289,7.970588207244873,0,1
30.66666603088379,8.333333015441895,1,1
29.0,8.5,1,1
31.0,8.211640357971191,0,1
27.80392074584961,8.098039627075195,1,1
31.648317337036133,8.892966270446777,0,1
10.092592239379883,7.037036895751953,0,1
19.5,11.283950805664062,1,1
29.242063522338867,9.464285850524902,1,1
25.16993522644043,13.169934272766113,1,1
28.995670318603516,8.203463554382324,1,1
16.0,9.0,1,1
25.16993522644043,13.169934272766113,1,1
21.16993522644043,12.169934272766113,1,1
31.0,8.699187278747559,0,1
26.256410598754883,11.60897445678711,1,1
31.18000030517578,9.5,1,1
31.305810928344727,10.17125415802002,1,1
9.491525650024414,6.378530979156494,1,1
17.976608276367188,10.28654956817627,1,1
13.038888931274414,10.058333396911621,0,1
29.908676147460938,15.71689510345459,1,1
29.842857360839844,16.078571319580078,1,1
28.360097885131836,16.834548950195312,1,1
29.887290954589844,14.482014656066895,1,1
24.694835662841797,13.786384582519531,1,1
32.30537796020508,17.756988525390625,1,1
33.92465591430664,17.924657821655273,1,1
24.017963409423828,15.720559120178223,1,1
31.600414276123047,18.051759719848633,1,1
20.402151107788086,14.698925018310547,1,1
18.254064559936523,12.741869926452637,1,1
15.585783958435059,10.21813678741455,1,1
25.31884002685547,13.84679126739502,1,1
26.19827651977539,13.060344696044922,1,1
28.197101593017578,14.16231918334961,1,1
31.197368621826172,17.486841201782227,1,1
21.337806701660156,13.107382774353027,0,1
24.51207733154297,13.620773315429688,1,1
17.269546508789062,11.04321002960205,1,1
21.529558181762695,13.988329887390137,0,1
34.60297393798828,18.84288787841797,1,1
25.614154815673828,13.924657821655273,1,1
24.664268493652344,14.290167808532715,1,1
18.291746139526367,12.21944522857666,0,1
17.53561019897461,12.72725772857666,1,1
33.60297393798828,18.84288787841797,1,1
22.55172348022461,12.740229606628418,1,1
23.83857536315918,14.832284927368164,1,1
23.75583839416504,13.957536697387695,1,1
28.17494010925293,15.90307331085205,1,1
24.97402572631836,12.796536445617676,1,1
27.671567916870117,12.970588684082031,1,1
19.7652587890625,9.723004341125488,1,1
27.933332443237305,13.878787994384766,1,1
22.412185668945312,9.5591402053833,0,1
27.146825790405273,15.170635223388672,1,1
29.639999389648438,13.393333435058594,1,1
27.55376434326172,14.47311782836914,1,1
27.55376434326172,14.47311782836914,1,1
29.05789566040039,15.277193069458008,1,1
27.27416229248047,12.339250564575195,1,1
22.409191131591797,13.658550262451172,1,1
14.87860107421875,9.853909492492676,0,1
25.31884002685547,12.455486297607422,1,1
25.46703338623047,14.2399263381958,1,1
32.24864959716797,14.059459686279297,1,1
19.297950744628906,11.387336730957031,0,1
19.297950744628906,11.387336730957031,0,1
26.22037124633789,14.45555591583252,1,1
23.198457717895508,15.412331581115723,1,1
24.580644607543945,14.543010711669922,1,1
31.580644607543945,16.543010711669922,1,1
19.43691062927246,11.563088417053223,0,1
27.341793060302734,15.417935371398926,1,1
23.40322494506836,14.483870506286621,1,1
23.620981216430664,12.527918815612793,1,1
23.27752685546875,12.529411315917969,1,1
22.902156829833984,12.452735900878906,0,1
27.247947692871094,14.502463340759277,1,1
28.116352081298828,15.569182395935059,1,1
26.005155563354492,15.281786918640137,1,1
26.05031394958496,13.454402923583984,1,1
19.80827522277832,12.979036331176758,0,1
35.16360855102539,19.681957244873047,1,1
25.48768424987793,15.351395606994629,1,1
33.31950759887695,16.298002243041992,1,1
35.262245178222656,19.357030868530273,1,1
28.495412826538086,16.35932731628418,1,1
27.284006118774414,12.609865188598633,1,1
20.03099822998047,14.011809349060059,1,1
24.610000610351562,12.708333015441895,1,1
26.140968322753906,16.873714447021484,1,1
27.044553756713867,16.17656707763672,1,1
32.43703842163086,16.05629539489746,1,1
17.174203872680664,12.050251007080078,1,1
17.035242080688477,10.864904403686523,0,1
20.816526412963867,11.754901885986328,1,1
26.182085037231445,13.35976505279541,1,1
28.13768196105957,16.423189163208008,1,1
25.089855194091797,13.401449203491211,1,1
19.63768196105957,12.974637985229492,1,1
27.671642303466797,14.37313461303711,1,1
26.178062438964844,16.339031219482422,1,1
25.95473289489746,14.592592239379883,1,1
21.8306884765625,14.02645492553711,1,1
25.049793243408203,14.20746898651123,1,1
23.832748413085938,13.402338981628418,1,1
16.95691680908203,10.192743301391602,0,1
27.097068786621094,15.045787811279297,1,1
14.356724739074707,10.590642929077148,1,1
12.064516067504883,10.564516067504883,0,1
12.064516067504883,10.564516067504883,1,1
14.354978561401367,11.567099571228027,1,1
12.56944465637207,10.55555534362793,1,1
12.5,10.0,0,1
12.07317066192627,10.54878044128418,1,1
12.659420013427734,10.05434799194336,1,1
10.965731620788574,9.965731620788574,0,1
12.356902122497559,9.962963104248047,1,1
13.0,10.0,1,1
10.633333206176758,9.588889122009277,0,1
10.633333206176758,9.588889122009277,0,1
12.938838005065918,12.107033729553223,1,1
13.71212100982666,10.28787899017334,1,1
13.202614784240723,10.901960372924805,1,1
11.659420013427734,11.94565200805664,1,1
10.83141803741455,9.842911720275879,1,1
10.854406356811523,10.957854270935059,1,1
13.855721473693848,11.57711410522461,1,1
13.018087387084961,11.664082527160645,1,1
13.94107723236084,10.550504684448242,1,1
13.073412895202637,11.674603462219238,1,1
11.802139282226562,11.709447860717773,1,1
13.320512771606445,11.571428298950195,1,1
13.284420013427734,10.614130020141602,1,1
11.924398422241211,10.587629318237305,1,1
13.324073791503906,11.449999809265137,1,1
21.970359802246094,18.104747772216797,1,1
13.169625282287598,10.13609504699707,1,1
20.81365203857422,18.262331008911133,1,1
24.88922882080078,21.942317962646484,1,1
21.993358612060547,18.98390769958496,1,1
13.605072021484375,10.615942001342773,1,1
14.605072021484375,10.702898979187012,0,1
11.833333015441895,10.577557563781738,0,1
13.123222351074219,10.935229301452637,0,1
12.724196434020996,10.714043617248535,1,1
25.891250610351562,20.24605941772461,1,1
21.0,16.0,1,1
24.188085556030273,15.183653831481934,1,1
10.569766998291016,9.5,0,1
16.57868003845215,13.825718879699707,1,1
12.122605323791504,9.647509574890137,1,1
13.284444808959961,9.417778015136719,1,1
39.60841369628906,16.819849014282227,0,1
41.5343132019043,18.78308868408203,1,1
19.834558486938477,13.753676414489746,1,1
38.634056091308594,16.75,1,1
18.17816162109375,11.44137954711914,1,1
41.9737434387207,16.595890045166016,1,1
20.32878303527832,12.732650756835938,1,1
18.44272804260254,11.066924095153809,1,1
41.48783493041992,15.700730323791504,1,1
25.03985595703125,14.53502368927002,1,1
41.87739562988281,14.818646430969238,1,1
19.870237350463867,12.632143020629883,1,1
40.674713134765625,14.970114707946777,1,1
24.460525512695312,12.98793888092041,1,1
41.15571594238281,16.142335891723633,1,1
23.227949142456055,13.292096138000488,1,1
43.52000045776367,15.758788108825684,1,1
22.22259521484375,12.09172248840332,1,1
42.070106506347656,16.681217193603516,1,1
24.275028228759766,13.347634315490723,1,1
39.6122932434082,14.869976043701172,1,1
23.222606658935547,12.509803771972656,1,1
40.12578582763672,14.874214172363281,1,1
23.980133056640625,13.504414558410645,1,1
40.996253967285156,16.04119873046875,1,1
22.045774459838867,12.414319038391113,1,1
41.89242935180664,16.039840698242188,1,1
23.0,13.200450897216797,1,1
41.06742858886719,15.93256950378418,1,1
25.01677894592285,13.138702392578125,1,1
42.26097106933594,16.467378616333008,0,1
21.481212615966797,12.991515159606934,0,1
43.40972137451172,15.621527671813965,0,1
18.36045265197754,10.89378547668457,0,1
22.26783561706543,12.495906829833984,1,1
20.59558868408203,13.325980186462402,1,1
18.300724029541016,10.921497344970703,1,1
42.95294189453125,15.916666984558105,0,1
43.522464752197266,15.775339126586914,1,1
23.351783752441406,14.386223793029785,1,1
17.163043975830078,10.972222328186035,0,1
17.218978881835938,11.751824378967285,1,1
22.26760482788086,11.728873252868652,1,1
43.12942123413086,16.105215072631836,1,1
17.771995544433594,11.555142402648926,1,1
19.95274543762207,10.35887622833252,1,1
43.10231018066406,16.92959213256836,1,1
19.581424713134766,10.587786674499512,1,1
33.611305236816406,17.579008102416992,1,1
39.96296310424805,15.136452674865723,1,1
17.59020233154297,11.396655082702637,1,1
42.46094512939453,15.358635902404785,1,1
19.2880802154541,12.10595989227295,1,1
42.3480224609375,16.25649642944336,1,1
19.651058197021484,11.197324752807617,1,1
42.36054611206055,16.200679779052734,1,1
25.21361541748047,14.078638076782227,1,1
23.523332595825195,12.957777976989746,1,1
22.448387145996094,12.14838695526123,1,1
24.565401077270508,13.104430198669434,1,1
40.50189971923828,15.226869583129883,1,1
20.454545974731445,11.168830871582031,1,1
41.661598205566406,15.143218994140625,1,1
23.45016098022461,11.912111282348633,1,1
21.549894332885742,14.06369400024414,1,1
18.5412540435791,10.856986045837402,1,1
39.46957778930664,14.945767402648926,0,1
40.330074310302734,14.888165473937988,1,1
39.93743133544922,15.358144760131836,1,1
23.12677574157715,12.653552055358887,1,1
41.89468002319336,16.360477447509766,1,1
24.87974739074707,13.813291549682617,1,1
41.89468002319336,16.360477447509766,1,1
24.87974739074707,13.813291549682617,1,1
40.27878952026367,16.218181610107422,1,1
26.53418731689453,15.355769157409668,1,1
42.052860260009766,16.942827224731445,1,1
18.306215286254883,12.873446464538574,1,1
40.912803649902344,15.980132102966309,1,1
19.082237243652344,12.730262756347656,1,1
40.403846740722656,15.98717975616455,1,1
22.944820404052734,12.753377914428711,1,1
41.01250076293945,15.753125190734863,1,1
24.896774291992188,12.690322875976562,1,1
41.88624954223633,16.03363037109375,1,1
34.31889343261719,18.78580093383789,1,1
40.301971435546875,17.47222137451172,0,1
20.570266723632812,12.56213665008545,0,1
21.485713958740234,12.58214282989502,1,1
15.854166984558105,10.467592239379883,0,1
21.60584831237793,12.53801155090332,1,1
20.60584831237793,10.53801155090332,1,1
20.613426208496094,12.645833015441895,1,1
20.613426208496094,12.645833015441895,1,1
14.571260452270508,10.465252876281738,0,1
19.521888732910156,12.610875129699707,0,1
23.602338790893555,14.04444408416748,1,1
28.789533615112305,14.063708305358887,1,1
41.83548355102539,16.183870315551758,0,1
41.83548355102539,16.183870315551758,0,1
40.91532516479492,15.204715728759766,1,1
39.90935516357422,15.13742733001709,1,1
40.97590255737305,15.944779396057129,1,1
41.191070556640625,16.195222854614258,1,1
19.262596130371094,11.416666984558105,1,1
38.557472229003906,14.034482955932617,1,1
21.72549057006836,13.03818416595459,1,1
44.12314224243164,16.060508728027344,1,1
40.117523193359375,15.01282024383545,1,1
25.409700393676758,13.05675983428955,1,1
25.409700393676758,13.05675983428955,1,1
42.44580841064453,17.20245361328125,1,1
7.180790901184082,21.310733795166016,1,1
44.070228576660156,17.164194107055664,1,1
23.57853126525879,12.967231750488281,1,1
20.609039306640625,12.00451946258545,0,1
32.53546142578125,17.578014373779297,1,1
35.4929084777832,20.66312026977539,1,1
32.39316177368164,16.932844161987305,1,1
20.437576293945312,11.94787883758545,1,1
17.74938201904297,12.288888931274414,1,1
40.06327819824219,15.076648712158203,0,1
17.605295181274414,11.539109230041504,0,1
23.703567504882812,12.795818328857422,1,1
33.818626403808594,18.71323585510254,1,1
27.64285659790039,14.612781524658203,1,1
21.88843536376953,12.906122207641602,0,1
24.919631958007812,14.574440002441406,1,1
20.00121307373047,12.276363372802734,1,1
24.074073791503906,13.398765563964844,0,1
22.193742752075195,13.463296890258789,0,1
22.6966552734375,12.57554817199707,0,1
20.94110679626465,10.786808013916016,0,1
27.19791603088379,13.23611068725586,1,1
28.48872184753418,12.650376319885254,1,1
22.77104377746582,11.870931625366211,1,1
24.994388580322266,14.365880966186523,1,1
22.299652099609375,12.451800346374512,0,1
23.732088088989258,12.85877513885498,1,1
25.65236473083496,14.554455757141113,1,1
24.559955596923828,13.561056137084961,0,1
20.966867446899414,12.365462303161621,0,1
21.9862003326416,13.46603012084961,0,1
21.814697265625,13.280085563659668,0,1
19.563034057617188,12.459402084350586,0,1
20.563034057617188,13.459402084350586,1,1
22.181447982788086,12.347604751586914,0,1
24.441024780273438,13.349743843078613,1,1
23.217750549316406,12.218782424926758,0,1
21.827850341796875,12.121710777282715,0,1
19.28121566772461,11.935938835144043,0,1
21.237323760986328,11.949298858642578,0,1
25.09158706665039,12.883918762207031,0,1
25.09158706665039,12.883918762207031,0,1
24.885713577270508,13.576190948486328,1,1
26.0,14.736993789672852,1,1
22.982358932495117,12.580315589904785,1,1
19.80563735961914,11.398445129394531,1,1
22.86571502685547,13.459047317504883,0,1
18.976459503173828,12.338041305541992,0,1
24.206573486328125,14.113615036010742,1,1
21.421510696411133,12.04554271697998,0,1
38.39350509643555,20.175739288330078,1,1
21.970476150512695,11.239999771118164,1,1
43.69143295288086,15.434468269348145,0,1
15.916149139404297,10.921324729919434,0,1
41.512821197509766,15.990675926208496,1,1
22.907533645629883,13.089040756225586,1,1
43.4610595703125,15.152647972106934,1,1
26.293893814086914,14.340967178344727,1,1
41.41880416870117,14.95897388458252,1,1
19.272357940673828,11.42005443572998,1,1
41.41880416870117,14.95897388458252,1,1
19.272357940673828,11.42005443572998,1,1
42.24407958984375,14.972677230834961,0,1
17.322463989257812,12.077898979187012,0,1
43.655174255371094,15.055171966552734,1,1
21.767730712890625,12.953900337219238,1,1
41.928104400634766,15.049019813537598,1,1
24.16666603088379,13.975655555725098,1,1
42.36035919189453,15.926126480102539,1,1
43.37522888183594,16.11475372314453,1,1
21.598793029785156,12.095022201538086,1,1
42.867923736572266,14.012578964233398,1,1
22.28900718688965,11.030141830444336,1,1
43.24407958984375,16.97267723083496,1,1
23.59027862548828,12.927083015441895,1,1
44.44629669189453,17.05555534362793,0,1
24.626344680786133,12.435483932495117,0,1
42.239315032958984,14.891737937927246,0,1
45.06853485107422,16.320871353149414,1,1
43.44102478027344,14.743589401245117,0,1
14.73099422454834,10.760233879089355,0,1
43.23163986206055,14.395480155944824,1,1
42.824371337890625,14.46236515045166,1,1
42.599998474121094,15.802666664123535,1,1
43.566139221191406,16.793651580810547,0,1
41.685447692871094,13.333333015441895,0,1
44.27927780151367,17.307592391967773,1,1
43.869049072265625,15.95714282989502,0,1
45.18770217895508,16.132686614990234,0,1
48.254547119140625,16.2060604095459,0,1
47.309391021728516,16.848987579345703,0,1
49.141845703125,17.3096923828125,1,1
48.15528106689453,17.024845123291016,0,1
50.69696807861328,18.001893997192383,1,1
49.27860641479492,16.674959182739258,0,1
46.13661193847656,16.0710391998291,1,1
45.0,17.5,1,1
46.429256439208984,16.292566299438477,1,1
44.905982971191406,15.504273414611816,1,1
45.85950469970703,15.341597557067871,1,1
22.6506404876709,12.942307472229004,1,1
44.90860366821289,15.186380386352539,0,1
45.0806999206543,16.10877227783203,1,1
19.122066497802734,15.234742164611816,1,1
46.02490234375,16.113027572631836,1,1
22.956087112426758,14.558881759643555,1,1
25.095468521118164,15.472492218017578,1,1
44.02490234375,16.113027572631836,1,1
21.904109954833984,14.881278991699219,1,1
25.600000381469727,13.260000228881836,1,1
44.95500946044922,15.073619842529297,0,1
19.77777862548828,14.083333015441895,0,1
45.676143646240234,16.05687141418457,1,1
43.56410217285156,16.272436141967773,0,1
42.41954040527344,16.278736114501953,1,1
42.41954040527344,16.278736114501953,1,1
43.109588623046875,17.389650344848633,1,1
20.503347396850586,11.817938804626465,1,1
42.71611022949219,15.403509140014648,1,1
21.64329719543457,11.974169731140137,1,1
42.636932373046875,15.804381370544434,0,1
21.81818199157715,11.86868667602539,0,1
43.76838684082031,15.55555534362793,1,1
25.38559341430664,14.211864471435547,1,1
46.35984802246094,16.668560028076172,1,1
25.581266403198242,14.435261726379395,1,1
43.698814392089844,15.852791786193848,1,1
21.578125,13.411458015441895,1,1
42.87839889526367,15.596566200256348,0,1
19.449932098388672,10.485596656799316,0,1
44.94717025756836,16.554716110229492,0,1
24.479999542236328,11.74666690826416,0,1
43.82231903076172,15.74008846282959,0,1
18.85714340209961,11.70562744140625,0,1
41.28184127807617,15.945799827575684,0,1
46.230873107910156,16.814207077026367,1,1
24.03268051147461,13.296296119689941,1,1
43.1884651184082,15.763712882995605,1,1
37.64262771606445,20.419872283935547,1,1
45.943660736083984,16.877933502197266,0,1
43.941776275634766,14.965065956115723,0,1
20.651281356811523,11.074358940124512,0,1
43.941776275634766,14.965065956115723,0,1
20.651281356811523,11.074358940124512,0,1
40.78386688232422,15.534246444702148,0,1
22.22364616394043,14.094017028808594,0,1
43.02981185913086,15.310297966003418,1,1
33.23373031616211,19.71978759765625,1,1
43.81642532348633,15.09782600402832,0,1
20.5898380279541,12.631970405578613,0,1
44.61338424682617,17.281288146972656,0,1
23.16666603088379,13.538888931274414,0,1
43.149574279785156,14.025641441345215,0,1
19.739635467529297,12.88888931274414,0,1
42.83893966674805,16.025484085083008,1,1
20.810483932495117,10.801074981689453,1,1
42.83893966674805,16.025484085083008,1,1
20.810483932495117,10.801074981689453,1,1
42.93406677246094,16.178266525268555,1,1
18.089969635009766,10.72861385345459,1,1
43.9487190246582,17.178266525268555,0,1
21.743362426757812,11.55309772491455,0,1
40.943748474121094,14.952083587646484,1,1
23.791316986083984,12.616246223449707,1,1
43.64752197265625,16.097972869873047,0,1
23.721311569213867,13.562841415405273,0,1
44.20964431762695,16.07232666015625,1,1
22.841339111328125,11.633188247680664,1,1
40.9493408203125,14.004053115844727,1,1
31.098766326904297,15.74691390991211,1,1
44.34276580810547,16.088050842285156,1,1
21.162126541137695,11.657588005065918,1,1
43.960365295410156,15.895325660705566,0,1
20.053176879882812,11.749675750732422,0,1
42.41183853149414,16.133848190307617,1,1
22.14622688293457,14.339622497558594,1,1
43.28403091430664,15.949625015258789,0,1
20.13831329345703,12.766251564025879,0,1
44.75747299194336,15.939080238342285,0,1
17.270748138427734,10.70068073272705,0,1
44.6893424987793,16.078231811523438,1,1
20.7260684967041,13.00515079498291,1,1
43.403846740722656,15.785256385803223,1,1
22.203018188476562,12.584362030029297,1,1
44.659793853759766,15.878579139709473,1,1
24.121583938598633,13.489070892333984,1,1
43.73628616333008,16.41877555847168,1,1
21.996000289916992,11.477333068847656,1,1
41.42068862915039,14.668965339660645,1,1
43.93281555175781,16.501291275024414,1,1
22.374502182006836,12.07569694519043,1,1
42.50666809082031,15.197333335876465,1,1
24.297760009765625,13.745718002319336,1,1
41.453060150146484,15.08435344696045,1,1
26.092121124267578,14.875151634216309,1,1
42.988677978515625,15.431446075439453,1,1
24.334558486938477,11.742647171020508,1,1
43.762962341308594,15.0,1,1
25.356060028076172,14.625,1,1
42.80446243286133,15.290026664733887,1,1
22.155555725097656,12.712418556213379,1,1
41.89973831176758,16.34635353088379,1,1
23.900901794433594,15.003861427307129,1,1
41.52083206176758,14.650734901428223,1,1
44.78038024902344,16.125974655151367,1,1
28.457693099975586,13.951282501220703,1,1
41.195068359375,16.38156509399414,1,1
37.39015197753906,19.959596633911133,1,1
43.6558837890625,15.951960563659668,0,1
24.512096405029297,13.948925018310547,0,1
42.89036560058594,17.43743133544922,0,1
23.678876876831055,13.102563858032227,0,1
42.02622985839844,15.402185440063477,1,1
24.628154754638672,14.282868385314941,1,1
43.09885025024414,14.682758331298828,1,1
25.85433006286621,15.39107608795166,1,1
42.19095993041992,16.724294662475586,1,1
24.689064025878906,13.241106986999512,1,1
41.33658981323242,14.823018074035645,1,1
24.265216827392578,13.4144926071167,1,1
41.256919860839844,14.82945728302002,1,1
20.54958724975586,13.4683198928833,1,1
41.924049377441406,15.73734188079834,1,1
18.619047164916992,12.423129081726074,1,1
41.01250076293945,14.753125190734863,1,1
27.0,15.712250709533691,1,1
44.330074310302734,16.888164520263672,1,1
23.801952362060547,13.686192512512207,1,1
43.46957778930664,15.945767402648926,1,1
19.475574493408203,11.757184028625488,1,1
46.34688186645508,16.903793334960938,1,1
22.7372989654541,12.712515830993652,1,1
41.34688186645508,15.903794288635254,1,1
22.57466697692871,12.625333786010742,1,1
38.21839141845703,14.179597854614258,1,1
22.650537490844727,13.001343727111816,1,1
40.12661361694336,14.857881546020508,1,1
20.15070152282715,12.443167686462402,1,1
41.892425537109375,14.801515579223633,1,1
24.0,12.505050659179688,1,1
42.34218215942383,15.104720115661621,1,1
19.159204483032227,11.62686538696289,1,1
43.893394470214844,14.861862182617188,1,1
18.828571319580078,10.326984405517578,1,1
44.802589416503906,16.216829299926758,1,1
21.281949996948242,11.084321022033691,1,1
42.116981506347656,13.791194915771484,1,1
33.903099060058594,19.493539810180664,1,1
42.116981506347656,13.791194915771484,1,1
33.903099060058594,19.493539810180664,1,1
43.067874908447266,14.986425399780273,0,1
21.923809051513672,11.807619094848633,0,1
42.44322204589844,16.014652252197266,0,1
40.924049377441406,15.73734188079834,0,1
17.244239807128906,10.889400482177734,0,1
43.070804595947266,15.903050422668457,1,1
21.87074851989746,11.942856788635254,1,1
44.021324157714844,16.877666473388672,1,1
26.330434799194336,12.83768081665039,1,1
44.021324157714844,16.877666473388672,0,1
26.330434799194336,12.83768081665039,0,1
56.21508026123047,19.269065856933594,0,1
50.32091522216797,17.458452224731445,0,1
47.620689392089844,17.620689392089844,1,1
41.21255874633789,13.946860313415527,1,1
42.69963455200195,14.076923370361328,1,1
38.76595687866211,12.354609489440918,1,1
32.76023483276367,10.830409049987793,1,1
46.21255874633789,18.94685935974121,1,1
43.33333206176758,13.314554214477539,1,1
43.77450942993164,12.34313678741455,1,1
38.04975128173828,12.06965160369873,1,1
39.29810333251953,14.146341323852539,1,1
40.307857513427734,15.339702606201172,1,1
32.25,12.03125,0,1
35.454139709472656,13.28635311126709,0,1
34.76023483276367,10.429824829101562,1,1
39.77898406982422,12.82608699798584,1,1
46.26411819458008,13.536429405212402,1,1
26.556005477905273,14.103913307189941,1,1
27.441558837890625,15.56854248046875,1,1
26.392452239990234,13.883018493652344,1,1
24.12425422668457,13.68100357055664,1,1
23.219484329223633,12.322770118713379,1,1
43.41350173950195,11.187764167785645,1,1
23.087854385375977,15.327519416809082,1,1
21.172683715820312,15.214200019836426,1,1
35.349205017089844,8.222222328186035,1,1
24.76730728149414,19.49505615234375,1,1
22.63616180419922,18.83305549621582,1,1
34.86111068725586,8.035714149475098,1,1
20.483360290527344,15.571051597595215,1,1
33.58333206176758,9.103174209594727,1,1
24.425716400146484,17.68125343322754,1,1
20.09283447265625,16.77361488342285,1,1
35.19831085205078,8.345991134643555,1,1
25.893333435058594,18.708799362182617,1,1
34.19831085205078,9.345991134643555,1,1
20.793066024780273,17.7455997467041,1,1
35.28654861450195,9.152047157287598,1,1
23.955554962158203,16.53068733215332,1,1
19.710317611694336,19.470521926879883,1,1
19.31710433959961,19.33146095275879,1,1
26.28508758544922,23.52255630493164,1,1
26.28508758544922,23.52255630493164,1,1
17.046398162841797,18.343101501464844,1,1
16.87347984313965,16.66301727294922,1,1
16.989622116088867,18.457876205444336,1,1
18.2357234954834,17.079017639160156,1,1
21.23982810974121,23.012134552001953,1,1
17.424484252929688,17.70326042175293,1,1
18.934059143066406,15.434967041015625,1,1
19.03437614440918,15.010436058044434,1,1
17.024999618530273,17.8980770111084,1,1
17.156028747558594,15.785300254821777,1,1
18.777984619140625,15.662313461303711,1,1
21.506128311157227,19.544116973876953,1,1
47.437870025634766,19.650888442993164,0,1
23.44444465637207,16.48611068725586,0,1
49.02030563354492,20.01353645324707,1,1
26.462615966796875,19.59345817565918,1,1
49.14468765258789,20.549449920654297,1,1
26.592233657836914,16.843042373657227,1,1
47.03940963745117,19.737274169921875,1,1
26.869281768798828,18.877450942993164,1,1
48.28412628173828,18.9761905670166,1,1
28.744714736938477,19.68780517578125,1,1
48.2908821105957,19.91666603088379,0,1
24.966506958007812,17.36044692993164,0,1
48.55115509033203,19.559406280517578,1,1
26.896024703979492,17.489295959472656,1,1
47.55675506591797,19.92072105407715,0,1
25.67182159423828,17.487972259521484,0,1
48.5105094909668,20.100601196289062,1,1
26.737178802490234,19.158653259277344,1,1
48.4439582824707,18.893741607666016,1,1
27.12544822692871,18.442651748657227,1,1
46.7634391784668,18.416282653808594,1,1
23.767005920410156,17.284013748168945,1,1
46.45762634277344,16.644067764282227,1,1
24.561616897583008,17.492929458618164,1,1
47.4279670715332,18.673728942871094,1,1
25.853933334350586,18.323970794677734,1,1
37.97058868408203,22.352941513061523,1,1
42.64327621459961,14.590642929077148,1,1
40.94179916381836,14.70899486541748,1,1
44.66666793823242,17.401233673095703,1,1
32.97175216674805,9.655366897583008,0,1
36.8012809753418,12.442307472229004,1,1
34.578948974609375,11.678362846374512,1,1
51.610992431640625,15.910778045654297,1,1
53.46403884887695,17.235111236572266,1,1
31.6707820892334,11.600823402404785,1,1
32.675106048583984,13.147679328918457,0,1
34.407405853271484,14.93055534362793,1,1
31.763635635375977,12.918181419372559,0,1
31.924636840820312,12.83768081665039,1,1
32.379085540771484,13.511982917785645,1,1
32.29798126220703,14.636363983154297,1,1
32.29798126220703,14.636363983154297,1,1
33.9588737487793,15.790042877197266,1,1
25.34902000427246,15.709803581237793,1,1
25.625396728515625,15.647619247436523,1,1
48.34935760498047,15.04273509979248,0,1
24.674650192260742,14.984031677246094,0,1
25.50185203552246,15.44259262084961,1,1
27.688888549804688,16.859722137451172,1,1
45.19688034057617,11.43079948425293,1,1
45.19688034057617,11.43079948425293,1,1
22.880136489868164,16.304794311523438,1,1
37.67948532104492,9.649572372436523,1,1
20.457639694213867,18.415971755981445,1,1
23.116161346435547,20.926767349243164,1,1
23.130146026611328,18.97011947631836,1,1
25.6162166595459,18.604204177856445,1,1
25.59085464477539,20.728639602661133,1,1
19.231966018676758,16.917909622192383,1,1
21.032974243164062,17.850120544433594,1,1
22.909940719604492,16.797075271606445,1,1
20.820560455322266,18.11739730834961,1,1
24.431623458862305,16.94688606262207,1,1
24.428991317749023,21.239437103271484,1,1
17.859895706176758,16.794511795043945,1,1
21.047876358032227,17.918012619018555,1,1
18.083778381347656,19.07248878479004,1,1
25.62535285949707,16.668363571166992,1,1
18.43641471862793,15.692437171936035,1,1
21.64617156982422,16.22121810913086,1,1
19.199186325073242,17.8635311126709,1,1
21.578144073486328,18.03113555908203,1,1
21.33333396911621,18.509151458740234,1,1
21.459476470947266,15.935404777526855,1,1
20.904504776000977,16.700300216674805,1,1
24.303606033325195,17.944339752197266,1,1
18.99578857421875,15.731046676635742,1,1
21.173307418823242,16.54395866394043,1,1
23.90979766845703,17.69354820251465,1,1
22.58347511291504,19.467458724975586,1,1
18.026714324951172,17.41469383239746,1,1
47.287357330322266,17.17898178100586,1,1
46.97435760498047,18.848852157592773,1,1
28.030000686645508,19.47833251953125,1,1
48.235130310058594,17.52973747253418,1,1
27.06842041015625,18.35087776184082,1,1
48.32388687133789,17.265857696533203,1,1
26.460500717163086,17.360307693481445,1,1
45.61016845703125,16.351411819458008,1,1
25.516075134277344,16.849407196044922,1,1
26.927927017211914,17.171171188354492,1,1
45.82749557495117,16.448768615722656,1,1
26.99346351623535,15.33169937133789,1,1
43.3684196472168,16.607288360595703,1,1
32.98234176635742,16.92273712158203,1,1
15.5,11.0,1,1
38.25531768798828,13.843971252441406,0,1
15.203155517578125,9.26627254486084,0,1
43.24906539916992,15.661048889160156,1,1
20.201961517333984,11.154901504516602,1,1
43.5950927734375,15.595091819763184,1,1
26.274322509765625,14.529505729675293,1,1
44.438697814941406,15.233716011047363,0,1
20.779569625854492,11.403225898742676,0,1
43.56830596923828,15.140254974365234,0,1
19.125,12.431547164916992,0,1
42.45130920410156,15.249063491821289,0,1
24.90277862548828,14.103395462036133,0,1
42.30051803588867,13.974093437194824,0,1
23.170175552368164,12.487719535827637,0,1
24.475608825683594,13.04878044128418,0,1
24.475608825683594,13.04878044128418,1,1
44.88510513305664,15.768794059753418,1,1
27.517240524291992,14.852011680603027,1,1
46.032447814941406,14.833333015441895,1,1
24.386178970336914,12.346883773803711,1,1
45.29737091064453,17.157676696777344,1,1
26.660919189453125,13.816091537475586,1,1
46.98550796508789,16.866666793823242,1,1
35.18476867675781,17.88639259338379,1,1
46.7359619140625,15.53763484954834,1,1
27.931758880615234,13.910760879516602,1,1
48.123775482177734,15.453431129455566,0,1
20.871891021728516,12.322139739990234,0,1
43.75717544555664,15.073951721191406,1,1
24.008804321289062,14.085535049438477,1,1
45.942203521728516,14.336021423339844,1,1
21.80986785888672,12.143200874328613,1,1
46.103267669677734,15.384313583374023,1,1
25.935606002807617,13.917929649353027,1,1
44.10710144042969,13.306859016418457,1,1
21.389293670654297,12.399026870727539,1,1
43.82648468017578,13.463470458984375,1,1
21.335556030273438,12.474444389343262,1,1
45.21052551269531,13.441102981567383,1,1
25.5271053314209,14.615917205810547,1,1
21.67424201965332,11.8989896774292,0,1
21.67424201965332,11.8989896774292,0,1
47.23500442504883,11.879055976867676,1,1
43.9947509765625,12.06955337524414,1,1
20.20220184326172,11.776776313781738,1,1
19.798669815063477,11.951566696166992,1,1
44.202335357666016,11.74837875366211,0,1
22.661836624145508,11.956521987915039,0,1
43.08567428588867,11.788487434387207,1,1
22.48582649230957,11.983382225036621,1,1
22.355815887451172,12.185728073120117,0,1
43.40113067626953,12.146892547607422,1,1
23.04624366760254,14.016377449035645,1,1
22.880434036254883,15.409420013427734,1,1
45.83000946044922,14.012345314025879,1,1
21.86872673034668,15.214929580688477,1,1
44.42132568359375,13.821946144104004,1,1
21.816537857055664,15.027132034301758,1,1
18.66666603088379,13.5820894241333,0,1
13.77053165435791,11.094202995300293,1,1
44.06410217285156,13.806089401245117,1,1
13.300366401672363,10.278388023376465,1,1
46.88224792480469,14.742753982543945,1,1
43.358516693115234,13.767407417297363,0,1
45.300174713134766,14.839441299438477,1,1
17.519229888916016,12.871794700622559,1,1
43.655555725097656,13.550000190734863,1,1
45.5136604309082,14.985427856445312,1,1
31.0,17.5,1,1
43.08176040649414,14.599580764770508,1,1
43.33732604980469,14.75049877166748,1,1
32.661376953125,21.248676300048828,1,1
41.739925384521484,15.065934181213379,1,1
25.0,14.0,1,1
40.776493072509766,12.302504539489746,1,1
23.521211624145508,15.296969413757324,1,1
39.14379119873047,11.638343811035156,1,1
38.82188415527344,12.508905410766602,1,1
19.12873649597168,14.167816162109375,1,1
38.2066650390625,12.0600004196167,1,1
41.380950927734375,13.503105163574219,1,1
41.30971145629883,12.729659080505371,1,1
41.46111297607422,14.461111068725586,1,1
39.781044006347656,13.895424842834473,1,1
41.39215850830078,15.921568870544434,1,1
41.25213623046875,13.273504257202148,1,1
43.82554626464844,15.67912769317627,1,1
41.79245376586914,13.100628852844238,1,1
27.5,15.5,1,1
42.43070983886719,12.73782730102539,1,1
43.5,14.0,1,1
25.423280715942383,16.00264549255371,1,1
42.512821197509766,14.201923370361328,1,1
25.11111068725586,14.066666603088379,1,1
30.659090042114258,16.553030014038086,1,1
30.659090042114258,16.553030014038086,1,1
41.289306640625,10.836478233337402,1,1
15.8125,12.76736068725586,1,1
42.05494689941406,12.278388023376465,1,1
41.69945526123047,11.934426307678223,1,1
18.632478713989258,12.897436141967773,1,1
21.037633895874023,11.930107116699219,0,1
24.4770450592041,13.906188011169434,1,1
24.4770450592041,13.906188011169434,1,1
40.66666793823242,11.300546646118164,1,1
21.785829544067383,12.71336555480957,1,1
40.20146560668945,10.454212188720703,1,1
23.456666946411133,14.333333015441895,1,1
39.082305908203125,9.695473670959473,1,1
24.56041717529297,12.408333778381348,1,1
22.391437530517578,12.292048454284668,1,1
18.57907485961914,12.180048942565918,1,1
22.681318283081055,11.245421409606934,1,1
22.65900421142578,11.390804290771484,1,1
22.65900421142578,11.390804290771484,1,1
19.619657516479492,10.209402084350586,1,1
20.35585594177246,12.914414405822754,1,1
21.064102172851562,11.70512866973877,1,1
22.967479705810547,12.770325660705566,1,1
23.81751823425293,12.927007675170898,1,1
20.633663177490234,13.072607040405273,1,1
16.528888702392578,15.54444408416748,1,1
18.977924346923828,12.13907241821289,1,1
22.345081329345703,13.541850090026855,1,1
24.84580421447754,13.55555534362793,1,1
18.354022979736328,12.094252586364746,1,1
25.104326248168945,16.218830108642578,1,1
41.289306640625,11.836478233337402,1,1
22.57575798034668,14.71212100982666,1,1
41.44117736816406,10.171568870544434,1,1
24.803617477416992,14.175710678100586,1,1
25.763593673706055,14.583924293518066,1,1
43.44444274902344,12.744855880737305,1,1
22.712215423583984,15.449275016784668,1,1
21.450000762939453,13.222222328186035,1,1
43.841941833496094,14.26447582244873,1,1
44.82341384887695,14.517857551574707,1,1
23.283105850219727,11.707762718200684,1,1
43.82341384887695,13.517857551574707,1,1
27.342679977416992,15.616822242736816,1,1
44.024620056152344,14.517045021057129,1,1
27.24882698059082,14.028168678283691,1,1
42.9205436706543,14.494186401367188,1,1
21.890710830688477,12.633879661560059,1,1
22.13654136657715,16.065088272094727,1,1
24.345991134643555,11.801688194274902,0,1
43.93294906616211,15.563218116760254,1,1
26.205883026123047,13.93137264251709,1,1
43.03598403930664,14.094696998596191,1,1
27.397554397583008,13.17125415802002,1,1
42.95992660522461,13.724954605102539,1,1
27.256410598754883,14.942307472229004,1,1
43.72956085205078,13.186582565307617,0,1
43.66451644897461,13.918279647827148,1,1
24.935897827148438,13.435897827148438,1,1
45.72956085205078,14.813417434692383,1,1
22.34050178527832,13.80286693572998,1,1
43.205406188964844,13.488287925720215,1,1
22.8980712890625,11.286500930786133,1,1
35.095237731933594,9.485713958740234,0,1
35.86243438720703,10.32275104522705,1,1
34.86243438720703,9.32275104522705,0,1
35.77595520019531,10.300546646118164,0,1
36.890708923339844,9.218579292297363,0,1
35.6065559387207,8.633879661560059,1,1
24.59722137451172,9.125,1,1
15.125,9.402777671813965,0,1
35.587120056152344,9.0,1,1
21.379310607910156,11.149425506591797,1,1
36.52631759643555,9.766081809997559,0,1
22.677248001098633,10.137566566467285,0,1
35.67399215698242,10.227106094360352,0,1
36.09864044189453,10.482993125915527,0,1
38.60416793823242,10.109375,0,1
38.60416793823242,10.109375,0,1
35.65949630737305,9.315412521362305,1,1
19.0,8.5,1,1
36.60897445678711,10.0,1,1
19.584192276000977,9.254295349121094,1,1
35.60897445678711,9.743589401245117,0,1
16.827838897705078,9.20512866973877,0,1
36.554264068603516,9.081395149230957,1,1
11.68976879119873,9.155115127563477,1,1
35.75238037109375,9.0,1,1
19.774410247802734,9.138047218322754,1,1
33.624183654785156,9.578431129455566,1,1
26.81531524658203,12.027027130126953,1,1
35.0,9.0,0,1
33.97402572631836,9.796536445617676,1,1
33.97402572631836,9.796536445617676,1,1
34.36214065551758,10.168724060058594,1,1
19.77114486694336,10.233830451965332,1,1
35.76632308959961,9.209622383117676,0,1
35.13888931274414,9.595237731933594,1,1
27.092592239379883,11.55555534362793,1,1
36.78861618041992,8.5,1,1
25.0,11.0,1,1
34.933963775634766,10.471697807312012,0,1
19.41991424560547,10.49350643157959,0,1
36.377288818359375,10.150182723999023,1,1
21.77114486694336,12.233830451965332,1,1
35.337501525878906,9.404166221618652,0,1
37.34599304199219,10.738396644592285,0,1
37.33333206176758,12.666666984558105,1,1
39.817779541015625,13.675555229187012,0,1
41.1699333190918,11.830065727233887,1,1
41.078651428222656,12.228464126586914,1,1
20.14207649230957,11.874317169189453,1,1
41.32958984375,12.468164443969727,0,1
41.05494689941406,13.322344779968262,1,1
41.67156982421875,12.970588684082031,1,1
40.23484802246094,12.901515007019043,1,1
27.283950805664062,14.037036895751953,1,1
40.601768493652344,13.415928840637207,1,1
38.598289489746094,13.250712394714355,1,1
40.5,13.0,1,1
41.118812561035156,12.933993339538574,1,1
39.02381134033203,12.552380561828613,1,1
40.17156982421875,11.441176414489746,0,1
38.878787994384766,11.878787994384766,0,1
23.933332443237305,12.878787994384766,0,1
38.86243438720703,12.32275104522705,1,1
23.59375,15.244791984558105,1,1
37.374568939208984,13.76632308959961,1,1
39.638362884521484,12.89622688293457,0,1
38.535945892333984,11.663398742675781,1,1
24.84795379638672,13.847952842712402,1,1
38.42708206176758,12.04861068725586,1,1
37.293907165527344,12.831541061401367,1,1
37.30036544799805,12.732601165771484,1,1
37.5,11.5,1,1
38.261436462402344,12.509803771972656,1,1
35.289306640625,11.836478233337402,1,1
35.34599304199219,12.261603355407715,0,1
36.97058868408203,11.102941513061523,1,1
36.18468475341797,11.972972869873047,1,1
36.34599304199219,10.801688194274902,1,1
37.82154846191406,11.387205123901367,1,1
38.4886360168457,11.590909004211426,1,1
39.09132385253906,12.28310489654541,0,1
37.98113250732422,12.424528121948242,0,1
38.98113250732422,13.424528121948242,1,1
39.0,12.5,1,1
38.78245544433594,11.122806549072266,1,1
38.63140869140625,12.980769157409668,1,1
38.813812255859375,11.618618965148926,1,1
24.576923370361328,12.557692527770996,1,1
38.813812255859375,11.618618965148926,1,1
24.576923370361328,12.557692527770996,1,1
40.19444274902344,12.552083015441895,1,1
38.87905502319336,12.643068313598633,0,1
37.84266662597656,11.592000007629395,1,1
39.09642028808594,10.779614448547363,0,1
39.767677307128906,11.207070350646973,1,1
40.09333419799805,12.391111373901367,1,1
41.10581970214844,11.894180297851562,1,1
36.70402145385742,12.0,1,1
36.70402145385742,12.0,1,1
37.715152740478516,12.0,1,1
37.0,12.0,1,1
36.51685333251953,14.340824127197266,0,1
35.89583206176758,13.96875,0,1
44.195404052734375,14.371100425720215,1,1
144.35498046875,52.09956741333008,1,1
45.81228256225586,13.687719345092773,1,1
16.771739959716797,11.659420013427734,1,1
47.19432067871094,15.657697677612305,1,1
21.96878433227539,12.8907470703125,1,1
49.28273010253906,15.796479225158691,1,1
23.545085906982422,12.345491409301758,1,1
21.568687438964844,11.66767692565918,0,1
45.83544158935547,17.10829734802246,1,1
23.62165069580078,13.841371536254883,1,1
43.613094329833984,16.162202835083008,1,1
22.32653045654297,12.727890968322754,1,1
42.962615966796875,16.727415084838867,1,1
21.742712020874023,14.884664535522461,1,1
18.724586486816406,12.94444465637207,0,1
43.7570915222168,15.205674171447754,1,1
23.78453826904297,14.084918022155762,1,1
45.19865417480469,15.855218887329102,1,1
23.66297721862793,14.095940589904785,1,1
42.76827621459961,14.340767860412598,1,1
24.80790901184082,13.822598457336426,1,1
46.162601470947266,16.28997230529785,1,1
20.978818893432617,11.636566162109375,1,1
42.41666793823242,15.61155891418457,1,1
19.67494010925293,11.741134643554688,1,1
22.490459442138672,11.8843994140625,0,1
19.568756103515625,11.886688232421875,0,1
42.45732879638672,14.684379577636719,1,1
21.628162384033203,12.880087852478027,1,1
41.59385299682617,13.812297821044922,1,1
22.724212646484375,12.87513542175293,1,1
23.53158950805664,11.77450942993164,1,1
42.563575744628906,14.621993064880371,0,1
20.708192825317383,12.585858345031738,0,1
42.83783721923828,14.156156539916992,1,1
19.640438079833984,10.795628547668457,1,1
43.22404479980469,14.519125938415527,1,1
21.553077697753906,11.71337604522705,1,1
42.8862190246582,14.628205299377441,1,1
20.679780960083008,11.867759704589844,1,1
43.992061614990234,15.026984214782715,1,1
22.78896141052246,12.020563125610352,1,1
43.11666488647461,13.895237922668457,1,1
22.418079376220703,13.206779479980469,1,1
42.890907287597656,14.363636016845703,1,1
22.432886123657227,13.077180862426758,1,1
43.41532897949219,14.470588684082031,1,1
22.26553726196289,13.074576377868652,1,1
42.42280578613281,13.577193260192871,1,1
21.04022979736328,12.00114917755127,1,1
31.45977020263672,13.696551322937012,1,1
49.03890609741211,15.249211311340332,1,1
31.42727279663086,11.75151538848877,1,1
49.137115478515625,14.89479923248291,1,1
34.599998474121094,11.462499618530273,1,1
41.193145751953125,13.763239860534668,1,1
35.52631759643555,10.011695861816406,1,1
38.28205108642578,12.442307472229004,1,1
30.851282119750977,10.625640869140625,0,1
40.81666564941406,13.688888549804688,1,1
36.657493591308594,12.550458908081055,1,1
37.17759704589844,16.158470153808594,1,1
35.03236389160156,13.734627723693848,1,1
51.414886474609375,14.38400650024414,1,1
48.29521560668945,14.362481117248535,1,1
50.45664596557617,13.120424270629883,1,1
49.28944778442383,13.244630813598633,1,1
48.80990219116211,14.337754249572754,1,1
47.54283142089844,13.385071754455566,1,1
23.048717498779297,13.839743614196777,1,1
44.988094329833984,10.966666221618652,1,1
33.788360595703125,9.211640357971191,1,1
23.651700973510742,16.69523811340332,1,1
17.084625244140625,14.66795825958252,1,1
20.07677459716797,15.73768424987793,1,1
19.744911193847656,15.4955472946167,1,1
22.732051849365234,14.576282501220703,1,1
22.732051849365234,14.576282501220703,1,1
19.804845809936523,14.804191589355469,1,1
33.298030853271484,23.535640716552734,1,1
19.16666603088379,15.491156578063965,0,1
24.488235473632812,14.392156600952148,1,1
24.488235473632812,14.392156600952148,1,1
18.732322692871094,14.346590995788574,1,1
26.11515235900879,15.021818161010742,1,1
25.15434455871582,15.469520568847656,1,1
26.86951446533203,15.62989330291748,1,1
27.072874069213867,17.64372444152832,1,1
25.40625,15.62890625,1,1
25.40625,15.62890625,1,1
28.329517364501953,16.59541893005371,1,1
26.474576950073242,15.915254592895508,1,1
24.647695541381836,15.546070098876953,1,1
27.915441513061523,16.507352828979492,1,1
25.760595321655273,16.03550910949707,1,1
26.87108039855957,15.137049674987793,1,1
26.87108039855957,15.137049674987793,1,1
24.172677993774414,15.915846824645996,1,1
25.180150985717773,13.82524299621582,1,1
22.26689910888672,14.05827522277832,1,1
44.49275207519531,15.839130401611328,1,1
23.67494010925293,13.79550838470459,1,1
42.47819137573242,14.791276931762695,1,1
44.198158264160156,15.995391845703125,1,1
24.371004104614258,15.649543762207031,1,1
24.119205474853516,14.611478805541992,1,1
28.137500762939453,15.862500190734863,1,1
23.619497299194336,13.58071231842041,1,1
23.951932907104492,14.998954772949219,1,1
24.698570251464844,12.733773231506348,1,1
23.937149047851562,14.077441215515137,1,1
44.57777786254883,15.15079402923584,1,1
23.35321617126465,14.058479309082031,1,1
45.159793853759766,15.300686836242676,1,1
29.259906768798828,15.926573753356934,1,1
42.51987838745117,14.599388122558594,1,1
26.011943817138672,14.451683044433594,1,1
45.09013748168945,14.464285850524902,1,1
35.376609802246094,19.7847957611084,1,1
44.581790924072266,15.324073791503906,1,1
27.70728874206543,16.091995239257812,1,1
44.88607406616211,14.296765327453613,1,1
25.749391555786133,14.24209213256836,1,1
29.784748077392578,12.953259468078613,1,1
27.526315689086914,13.943860054016113,1,1
43.914161682128906,15.203146934509277,1,1
24.179033279418945,13.932862281799316,1,1
24.316486358642578,13.81708812713623,1,1
22.33333396911621,13.050541877746582,1,1
45.39181137084961,14.970760345458984,1,1
24.20917320251465,13.035794258117676,1,1
45.170066833496094,15.141156196594238,1,1
24.09130859375,14.00990104675293,1,1
44.37681198120117,14.267311096191406,1,1
23.033218383789062,14.020618438720703,1,1
42.569580078125,14.187702178955078,1,1
23.33675765991211,13.752283096313477,1,1
44.10990905761719,15.85405445098877,1,1
21.377853393554688,12.704338073730469,1,1
25.42361068725586,13.675926208496094,1,1
42.3123893737793,14.300174713134766,1,1
26.517730712890625,14.615839004516602,1,1
41.22101593017578,14.059782981872559,1,1
21.90625,13.953125,1,1
41.72956085205078,13.813417434692383,1,1
20.871238708496094,12.607701301574707,1,1
40.7906494140625,13.963414192199707,1,1
20.102563858032227,11.417582511901855,1,1
41.79124450683594,13.909090995788574,1,1
25.307018280029297,14.309523582458496,1,1
41.578189849853516,14.658435821533203,1,1
23.495424270629883,14.556862831115723,1,1
44.253787994384766,14.67424201965332,1,1
19.265625,11.501301765441895,1,1
44.40764236450195,13.785562515258789,1,1
20.33200454711914,12.434263229370117,1,1
43.13017654418945,15.116371154785156,1,1
19.541044235229492,12.73009967803955,1,1
44.52680587768555,14.335664749145508,1,1
30.748655319213867,17.69623565673828,1,1
42.6815299987793,13.785562515258789,1,1
22.694334030151367,12.8313570022583,1,1
39.90100860595703,13.820201873779297,1,1
22.796716690063477,11.469696998596191,1,1
44.29166793823242,13.958333015441895,0,1
18.026119232177734,11.584577560424805,0,1
43.03598403930664,14.04924201965332,1,1
23.69987678527832,13.537515640258789,1,1
43.04789352416992,14.022988319396973,0,1
21.8640193939209,11.6654634475708,0,1
42.009010314941406,13.293693542480469,1,1
24.31488800048828,12.642951011657715,1,1
44.009010314941406,14.293693542480469,1,1
25.07913589477539,13.946043014526367,1,1
41.63819122314453,14.368509292602539,1,1
20.979089736938477,12.073801040649414,1,1
42.52950668334961,13.274322509765625,0,1
42.52950668334961,13.274322509765625,0,1
41.417076110839844,14.336617469787598,0,1
20.76506805419922,12.036900520324707,0,1
42.55555725097656,14.243464469909668,1,1
21.675405502319336,12.14606761932373,1,1
20.585859298706055,13.116161346435547,1,1
41.50166702270508,14.283333778381348,1,1
21.808271408081055,12.16416072845459,1,1
43.58883285522461,14.351945877075195,1,1
21.820417404174805,13.099631309509277,1,1
22.484251022338867,13.077427864074707,0,1
20.958646774291992,12.201754570007324,1,1
22.29697036743164,11.88787841796875,1,1
22.29697036743164,11.88787841796875,1,1
23.68229103088379,13.546875,1,1
42.543861389160156,14.2877197265625,1,1
21.54901885986328,12.264052391052246,1,1
42.45365905761719,14.243902206420898,0,1
21.885635375976562,12.104602813720703,0,1
43.274192810058594,14.474910736083984,1,1
22.19624900817871,13.681097030639648,1,1
42.700801849365234,13.327309608459473,1,1
21.78683853149414,13.370529174804688,1,1
21.130252838134766,12.53781509399414,0,1
21.767086029052734,12.581589698791504,1,1
43.989418029785156,14.060846328735352,1,1
26.663841247558594,15.718926429748535,1,1
44.60476303100586,12.788095474243164,1,1
26.747222900390625,14.462499618530273,1,1
20.37837791442871,12.306305885314941,1,1
43.48118209838867,13.438172340393066,1,1
22.495534896850586,12.638392448425293,1,1
42.4373893737793,14.298060417175293,1,1
20.87401580810547,12.309711456298828,1,1
42.71623992919922,15.54358959197998,0,1
20.24932289123535,11.50406551361084,0,1
44.43190002441406,14.164874076843262,1,1
21.899160385131836,13.648459434509277,1,1
44.43190002441406,14.164874076843262,1,1
21.899160385131836,13.648459434509277,1,1
42.49189376831055,16.434234619140625,1,1
22.094053268432617,12.315352439880371,1,1
41.17021179199219,13.574467658996582,1,1
22.600322723388672,12.716828346252441,1,1
44.31083679199219,13.764825820922852,1,1
24.0,11.5,1,1
22.94990348815918,14.308284759521484,1,1
44.757835388183594,13.242165565490723,0,1
20.72702407836914,12.676268577575684,0,1
31.013099670410156,14.710334777832031,1,1
32.65608596801758,15.008818626403809,1,1
46.567440032958984,12.76899242401123,1,1
22.894472122192383,13.579564094543457,1,1
23.145736694335938,13.089922904968262,1,1
46.8316650390625,14.791666984558105,1,1
22.22649574279785,12.650997161865234,1,1
22.858871459960938,11.528225898742676,1,1
46.85017013549805,13.723905563354492,0,1
24.349138259887695,12.995689392089844,0,1
20.101449966430664,12.775362014770508,0,1
28.38619613647461,12.566813468933105,1,1
46.10673141479492,14.643677711486816,1,1
24.202280044555664,12.863247871398926,1,1
22.38200569152832,12.004425048828125,1,1
43.94416427612305,12.66328239440918,0,1
17.378067016601562,11.790764808654785,0,1
23.49085807800293,12.988748550415039,1,1
20.554622650146484,12.004201889038086,0,1
44.94029998779297,14.95522403717041,1,1
22.79407501220703,13.767407417297363,1,1
23.814407348632812,12.494505882263184,1,1
23.747222900390625,12.752778053283691,0,1
25.952991485595703,14.868946075439453,1,1
46.98598098754883,13.333333015441895,1,1
22.959640502929688,12.796711921691895,1,1
44.48691177368164,13.233857154846191,0,1
21.893333435058594,11.912592887878418,0,1
42.62190628051758,13.561837196350098,0,1
24.639944076538086,11.360055923461914,0,1
20.592430114746094,11.659388542175293,0,1
44.90839767456055,13.534351348876953,1,1
29.401460647583008,14.586374282836914,1,1
44.5186767578125,13.811781883239746,1,1
28.598360061645508,15.661202430725098,1,1
23.88793182373047,13.833333015441895,0,1
43.57534408569336,12.675799369812012,1,1
28.91452980041504,13.0,1,1
26.0625,12.919642448425293,0,1
33.0,15.605262756347656,1,1
44.73965835571289,13.352798461914062,1,1
28.975845336914062,14.27053165435791,1,1
45.590816497802734,14.798402786254883,1,1
25.70760154724121,12.678362846374512,1,1
44.52777862548828,13.623015403747559,0,1
43.40229797363281,11.0,1,1
43.40229797363281,11.0,1,1
45.619529724121094,13.861952781677246,1,1
44.14345932006836,12.603375434875488,1,1
22.0625,15.74305534362793,1,1
45.19626235961914,14.395638465881348,1,1
24.71988868713379,14.686274528503418,1,1
41.54093551635742,13.102338790893555,1,1
32.82150650024414,17.898923873901367,1,1
43.21875,14.421875,1,1
25.269380569458008,16.089147567749023,1,1
43.96946716308594,13.992366790771484,1,1
20.49735450744629,13.097002029418945,1,1
43.72016525268555,14.146090507507324,1,1
23.8588809967041,15.02189826965332,1,1
42.912567138671875,14.171220779418945,1,1
22.29697036743164,14.260605812072754,1,1
21.103954315185547,12.976271629333496,1,1
41.1350212097168,14.075949668884277,1,1
24.810436248779297,13.916933059692383,1,1
42.1350212097168,13.075949668884277,0,1
20.692073822021484,11.688008308410645,0,1
43.28385543823242,13.690104484558105,1,1
23.47058868408203,15.269607543945312,1,1
43.28385543823242,13.690104484558105,1,1
23.47058868408203,15.269607543945312,1,1
42.252525329589844,14.467171669006348,1,1
22.900432586669922,13.83225154876709,1,1
44.378665924072266,15.73466682434082,1,1
41.69056701660156,12.566038131713867,1,1
24.010000228881836,12.70888900756836,1,1
42.15664291381836,13.94862174987793,1,1
25.011943817138672,12.586318969726562,1,1
41.65168380737305,13.599250793457031,0,1
20.924341201782227,11.719298362731934,0,1
41.66410446166992,13.698718070983887,1,1
24.04180335998535,14.722772598266602,1,1
43.60240936279297,14.048192977905273,1,1
19.947711944580078,11.831154823303223,1,1
43.889366149902344,14.183908462524414,1,1
22.69270896911621,12.148958206176758,1,1
43.889366149902344,14.183908462524414,1,1
22.69270896911621,12.148958206176758,1,1
43.164268493652344,14.185851097106934,1,1
27.66666603088379,16.895633697509766,1,1
41.79910659790039,13.1994047164917,1,1
22.010000228881836,12.70888900756836,1,1
44.04802322387695,14.074858665466309,1,1
22.990854263305664,14.014227867126465,1,1
44.009803771972656,14.116246223449707,1,1
22.746355056762695,12.344995498657227,1,1
43.219608306884766,13.797385215759277,1,1
22.648414611816406,13.239192962646484,1,1
42.12313461303711,12.62686538696289,1,1
21.131702423095703,11.868298530578613,1,1
42.643409729003906,12.64784049987793,0,1
21.619422912597656,11.28740119934082,0,1
43.53898239135742,13.640678405761719,1,1
24.672956466674805,12.45786190032959,1,1
42.77608871459961,11.77710247039795,1,1
31.678295135498047,16.19896697998047,1,1
46.08462142944336,11.72342586517334,1,1
29.99615478515625,15.24871826171875,1,1
45.865867614746094,12.710710525512695,0,1
23.252065658569336,13.155647277832031,0,1
43.08333206176758,12.584301948547363,1,1
23.31647300720215,13.189364433288574,1,1
45.02793884277344,13.713872909545898,0,1
20.465648651123047,11.996183395385742,0,1
44.183616638183594,11.586628913879395,1,1
25.59287452697754,13.954198837280273,1,1
46.53715515136719,11.707006454467773,1,1
23.687829971313477,12.996031761169434,1,1
44.730770111083984,14.618233680725098,1,1
27.861572265625,16.843852996826172,1,1
42.9865608215332,13.283601760864258,1,1
22.994068145751953,14.208778381347656,1,1
44.50757598876953,14.192423820495605,1,1
32.02349090576172,18.61073875427246,1,1
42.9865608215332,14.283601760864258,1,1
22.996644973754883,13.530200958251953,1,1
43.34195327758789,13.290229797363281,0,1
23.980133056640625,14.546357154846191,0,1
45.34195327758789,14.290229797363281,1,1
45.83132553100586,13.385541915893555,1,1
22.651058197021484,13.70680046081543,1,1
43.4350471496582,13.409314155578613,1,1
23.916091918945312,14.636781692504883,1,1
44.913726806640625,13.466666221618652,1,1
24.08948516845703,13.663311004638672,1,1
44.51570129394531,13.432367324829102,1,1
18.865955352783203,11.349940299987793,1,1
44.913726806640625,14.466666221618652,1,1
20.155397415161133,12.512455940246582,1,1
29.48467445373535,10.94252872467041,1,1
32.608890533447266,11.088889122009277,1,1
32.5,11.0,1,1
38.039215087890625,14.977590560913086,1,1
37.06666564941406,12.282539367675781,1,1
34.18315124511719,10.926739692687988,1,1
40.016666412353516,10.961111068725586,1,1
34.32246398925781,9.8804349899292,1,1
36.8538818359375,10.21004581451416,1,1
39.93777847290039,12.69777774810791,1,1
37.355140686035156,13.211837768554688,1,1
33.64834976196289,11.589743614196777,1,1
27.46575355529785,12.1476411819458,1,1
27.46575355529785,12.1476411819458,1,1
25.378738403320312,12.911406517028809,1,1
47.29981994628906,13.15217399597168,1,1
27.57981300354004,14.207746505737305,1,1
43.960994720458984,12.062056541442871,1,1
23.258899688720703,12.923408508300781,1,1
43.08852767944336,12.028003692626953,1,1
21.922481536865234,13.186046600341797,1,1
23.52351188659668,12.4430513381958,1,1
39.923728942871094,9.536723136901855,1,1
34.39662551879883,9.91561222076416,1,1
34.39662551879883,9.91561222076416,1,1
33.66666793823242,9.666666984558105,1,1
16.880023956298828,14.135436058044434,1,1
39.16352081298828,10.710691452026367,1,1
19.558317184448242,15.05162525177002,1,1
35.27381134033203,9.845237731933594,1,1
35.68717956542969,8.312820434570312,1,1
19.02991485595703,15.047008514404297,1,1
35.28248596191406,9.242938041687012,1,1
38.15625,10.015625,1,1
38.15625,10.015625,1,1
34.844749450683594,9.954338073730469,1,1
43.51565933227539,15.221476554870605,0,1
23.479999542236328,14.876363754272461,0,1
26.420745849609375,16.42424201965332,0,1
26.648508071899414,17.806743621826172,1,1
26.788557052612305,17.98134422302246,1,1
45.139652252197266,15.4199800491333,1,1
28.870147705078125,17.816598892211914,1,1
45.37160110473633,14.372608184814453,0,1
24.323652267456055,15.699861526489258,0,1
45.1584358215332,14.307613372802734,1,1
24.44081687927246,15.778231620788574,1,1
24.468618392944336,16.91073989868164,1,1
44.868370056152344,13.94412899017334,1,1
27.972702026367188,16.607759475708008,1,1
44.25611877441406,14.43879508972168,1,1
22.951566696166992,13.594017028808594,1,1
44.32029724121094,13.478584289550781,1,1
30.31075668334961,18.42363929748535,1,1
44.39188003540039,13.566572189331055,1,1
24.44487190246582,15.5115385055542,1,1
43.40550994873047,14.521367073059082,1,1
28.432817459106445,19.612403869628906,1,1
44.563514709472656,14.83094596862793,1,1
28.44725799560547,17.97187042236328,1,1
46.200801849365234,14.024096488952637,1,1
27.04660987854004,16.63559341430664,1,1
42.93506622314453,13.2380952835083,1,1
28.924999237060547,17.461111068725586,1,1
49.913978576660156,16.122581481933594,0,1
37.21810531616211,16.251028060913086,1,1
37.22549057006836,15.602941513061523,1,1
35.92222213745117,14.199999809265137,1,1
37.887447357177734,13.53246784210205,1,1
33.30392074584961,13.421568870544434,1,1
35.740352630615234,12.926316261291504,1,1
34.879310607910156,12.913793563842773,1,1
37.34703063964844,12.694064140319824,1,1
35.90909194946289,9.878787994384766,1,1
36.51322937011719,11.185185432434082,1,1
35.144927978515625,10.816425323486328,1,1
35.86243438720703,10.751322746276855,1,1
36.0,12.5,1,1
34.748634338378906,12.991803169250488,1,1
38.57143020629883,11.210317611694336,1,1
35.07326126098633,10.465201377868652,1,1
37.694156646728516,12.323023796081543,1,1
33.77952575683594,13.900262832641602,1,1
36.8220329284668,9.949152946472168,1,1
44.18468475341797,14.972972869873047,1,1
35.76954650878906,11.082304954528809,1,1
35.71559524536133,8.792048454284668,1,1
35.840335845947266,12.677870750427246,1,1
33.40277862548828,10.875,1,1
32.846405029296875,10.441176414489746,1,1
33.49812698364258,11.329587936401367,1,1
34.625,14.5328950881958,1,1
33.5425910949707,12.922222137451172,1,1
27.40038299560547,12.00383186340332,1,1
33.53333282470703,14.77419376373291,1,1
36.456138610839844,16.13157844543457,1,1
35.382781982421875,13.214285850524902,0,1
35.382781982421875,13.214285850524902,0,1
50.68663787841797,17.41084098815918,1,1
37.80842971801758,17.716474533081055,1,1
38.69590759277344,16.68031120300293,1,1
42.31597137451172,19.60763931274414,1,1
36.37295913696289,18.23310089111328,1,1
37.857505798339844,18.704833984375,1,1
40.03703689575195,16.283950805664062,1,1
40.03703689575195,16.283950805664062,1,1
40.5,13.0,1,1
40.0,16.5,1,1
15.40170955657959,10.2615385055542,1,1
36.60714340209961,10.0,1,1
20.110383987426758,15.99128532409668,1,1
33.53216552734375,8.976608276367188,1,1
35.599998474121094,9.483333587646484,1,1
21.091358184814453,17.27962875366211,1,1
36.41358184814453,9.370369911193848,1,1
35.13756561279297,9.32275104522705,1,1
16.62248992919922,15.97705078125,1,1
35.13756561279297,9.32275104522705,1,1
33.071998596191406,10.35200023651123,1,1
34.180789947509766,9.141242980957031,1,1
18.414352416992188,13.895255088806152,1,1
34.84166717529297,10.9375,0,1
35.29999923706055,11.925000190734863,0,1
38.87474822998047,12.414141654968262,1,1
43.65829849243164,15.78661060333252,0,1
19.588760375976562,13.27005386352539,0,1
43.07421875,16.75260353088379,0,1
44.275299072265625,16.712797164916992,1,1
13.102073669433594,12.350876808166504,1,1
43.70182418823242,14.162760734558105,0,1
44.77694320678711,16.330827713012695,0,1
43.172691345214844,14.298527717590332,0,1
43.022579193115234,17.231182098388672,0,1
45.14527130126953,14.913288116455078,0,1
44.20454406738281,16.559343338012695,0,1
42.19742202758789,13.914682388305664,1,1
26.6368350982666,15.872892379760742,1,1
40.86053466796875,16.352127075195312,0,1
42.861019134521484,14.269272804260254,0,1
21.4126033782959,14.498180389404297,0,1
21.681880950927734,13.86030387878418,1,1
15.594488143920898,10.66535472869873,1,1
44.798187255859375,15.689342498779297,0,1
34.85886001586914,14.327327728271484,1,1
33.3936767578125,13.204023361206055,1,1
37.28461456298828,15.620512962341309,1,1
37.80891799926758,15.815286636352539,1,1
32.19783020019531,15.588075637817383,1,1
21.107948303222656,13.304863929748535,1,1
19.061500549316406,12.761377334594727,1,1
24.508657455444336,11.94372272491455,0,1
36.471492767333984,10.756579399108887,0,1
36.471492767333984,10.756579399108887,0,1
21.967212677001953,13.429872512817383,1,1
19.847021102905273,13.159420013427734,1,1
38.63857650756836,11.57677936553955,1,1
14.846952438354492,12.714655876159668,1,1
12.44094467163086,11.543307304382324,1,1
40.385013580322266,9.268733978271484,1,1
32.00343704223633,15.391752243041992,1,1
38.031402587890625,10.623188018798828,1,1
37.119659423828125,8.621082305908203,1,1
39.290428161621094,10.260725975036621,1,1
18.130252838134766,12.03641414642334,1,1
37.4957275390625,9.81766414642334,1,1
39.57009506225586,10.566978454589844,1,1
35.945735931396484,9.808785438537598,1,1
15.639760971069336,13.095664978027344,1,1
37.38629150390625,9.788162231445312,1,1
38.35341262817383,9.269076347351074,1,1
15.406201362609863,11.62480640411377,1,1
34.399269104003906,9.201465606689453,1,1
30.656156539916992,15.552552223205566,1,1
34.017391204833984,9.298550605773926,1,1
14.306260108947754,10.727580070495605,1,1
36.21940994262695,9.206750869750977,1,1
18.765321731567383,10.64872932434082,1,1
24.531532287597656,13.806305885314941,1,1
38.323673248291016,9.772947311401367,1,1
24.289474487304688,11.473684310913086,1,1
35.67156982421875,8.970588684082031,0,1
35.51388931274414,9.879630088806152,1,1
36.90262222290039,10.209737777709961,1,1
20.487287521362305,10.757061958312988,1,1
35.439998626708984,9.826666831970215,0,1
39.928314208984375,9.903225898742676,0,1
40.750553131103516,12.12362003326416,1,1
31.436363220214844,13.830303192138672,1,1
40.34657669067383,12.32671070098877,1,1
24.429824829101562,10.722222328186035,1,1
39.35512161254883,11.394335746765137,1,1
37.601627349853516,10.439023971557617,1,1
42.87194061279297,11.352166175842285,1,1
21.153209686279297,10.681159019470215,1,1
39.561405181884766,10.294346809387207,1,1
39.909603118896484,10.403013229370117,1,1
41.39020538330078,11.568720817565918,0,1
40.63750076293945,11.809721946716309,1,1
42.01435470581055,11.875597953796387,0,1
38.914215087890625,10.651960372924805,1,1
38.91783905029297,9.436619758605957,1,1
37.15891647338867,10.077519416809082,1,1
38.4886360168457,9.098484992980957,1,1
37.90038299560547,10.314176559448242,1,1
19.375,12.055000305175781,1,1
36.677249908447266,8.862433433532715,1,1
38.77595520019531,11.633879661560059,1,0
38.3824577331543,10.670175552368164,1,0
38.54861068725586,10.73611068725586,1,0
38.3824577331543,10.670175552368164,0,0
40.65064239501953,11.461538314819336,0,0
40.1263427734375,11.545699119567871,0,0
38.092594146728516,11.440329551696777,1,0
39.82957458496094,11.325814247131348,0,0
38.563724517822266,10.490196228027344,1,0
38.676055908203125,10.300469398498535,0,0
40.05077362060547,9.503311157226562,1,0
41.21088409423828,10.469388008117676,0,0
38.224586486816406,9.420804023742676,0,0
39.880950927734375,11.354762077331543,0,0
37.92731857299805,10.438596725463867,0,0
37.709877014160156,10.561728477478027,0,0
38.8785514831543,11.984496116638184,0,0
38.8785514831543,11.984496116638184,0,0
37.11655044555664,11.827506065368652,0,0
37.24882507324219,10.772300720214844,1,0
22.847389221191406,11.285140991210938,1,0
40.585784912109375,11.776960372924805,0,0
38.387325286865234,11.744131088256836,0,0
39.6948356628418,11.75821590423584,1,0
37.64840316772461,10.737442970275879,1,0
37.64840316772461,10.737442970275879,1,0
38.608795166015625,11.608796119689941,1,0
38.626190185546875,11.783333778381348,1,0
13.131086349487305,7.71535587310791,1,0
39.54666519165039,10.569999694824219,0,0
38.54666519165039,11.569999694824219,0,0
39.564517974853516,11.47580623626709,1,0
23.343137741088867,8.926470756530762,1,0
39.59178924560547,11.845410346984863,0,0
39.45454406738281,9.750842094421387,0,0
39.52997589111328,11.199040412902832,1,0
39.52997589111328,11.199040412902832,0,0
39.67366027832031,11.405594825744629,1,0
37.108795166015625,10.280092239379883,1,0
38.21505355834961,11.47580623626709,0,0
40.377288818359375,11.150182723999023,0,0
37.15422821044922,11.007462501525879,0,0
36.75956344604492,10.967212677001953,1,0
9.721212387084961,9.721212387084961,1,0
39.2066650390625,11.9399995803833,1,0
39.723270416259766,11.471697807312012,1,0
13.71875,10.817708015441895,1,0
39.723270416259766,11.471697807312012,1,0
13.71875,10.817708015441895,1,0
40.0,10.69777774810791,1,0
38.547367095947266,13.835087776184082,1,0
40.710693359375,12.163521766662598,1,0
15.771143913269043,12.233830451965332,1,0
39.22300338745117,12.570422172546387,0,0
40.81278610229492,14.132420539855957,1,0
43.04207229614258,12.391585350036621,1,0
11.830065727233887,14.830065727233887,1,0
40.890907287597656,14.518181800842285,0,0
45.6427001953125,16.259260177612305,0,0
44.406551361083984,16.244701385498047,0,0
45.519775390625,16.340394973754883,0,0
44.35555648803711,16.796581268310547,0,0
43.23139190673828,15.731391906738281,0,0
41.654449462890625,15.991273880004883,0,0
43.00193786621094,14.75775146484375,0,0
46.317626953125,14.535776138305664,0,0
41.822696685791016,17.523405075073242,0,0
41.19493865966797,15.056547164916992,0,0
42.84400177001953,16.278667449951172,0,0
39.74833297729492,14.949999809265137,1,0
20.14285659790039,13.581632614135742,1,0
40.64937210083008,14.776729583740234,0,0
38.43283462524414,15.13764476776123,1,0
15.33680534362793,10.0625,1,0
42.23397445678711,13.657051086425781,0,0
40.71825408935547,17.170635223388672,0,0
40.32936477661133,16.378969192504883,0,0
38.194969177246094,13.855345726013184,1,0
13.0,9.118279457092285,1,0
39.3239860534668,14.778816223144531,0,0
38.54237365722656,14.860640525817871,0,0
40.81904602050781,15.333333015441895,1,0
22.647850036621094,13.134408950805664,1,0
40.202510833740234,15.17025089263916,0,0
40.45343017578125,15.441176414489746,0,0
43.98268508911133,16.134199142456055,1,0
41.232933044433594,15.13654613494873,0,0
39.25407791137695,13.932400703430176,0,0
42.02626419067383,14.333333015441895,0,0
44.02626419067383,15.333333015441895,1,0
31.883041381835938,17.233917236328125,1,0
42.906131744384766,14.23180103302002,0,0
33.890708923339844,15.633879661560059,1,0
42.96220016479492,14.785223007202148,1,0
43.97163009643555,13.719858169555664,1,0
40.9485969543457,13.295949935913086,0,0
44.98659133911133,14.590038299560547,0,0
43.20993423461914,13.429487228393555,0,0
43.83425521850586,14.453038215637207,0,0
43.93220520019531,14.508474349975586,0,0
27.713726043701172,15.41568660736084,0,0
44.24836730957031,14.54248332977295,0,0
28.390804290771484,14.939655303955078,0,0
26.1125545501709,14.290042877197266,1,0
26.962963104248047,17.716049194335938,0,0
42.36035919189453,13.464864730834961,1,0
40.9603157043457,12.712301254272461,1,0
8.0,8.5,1,0
41.17127227783203,13.813996315002441,0,0
42.51872634887695,15.073033332824707,0,0
26.13675308227539,14.951566696166992,0,0
41.892425537109375,14.801515579223633,1,0
30.16666603088379,16.35745620727539,1,0
41.40444564819336,14.986666679382324,0,0
41.665279388427734,13.88888931274414,0,0
42.665279388427734,13.88888931274414,0,0
40.812583923339844,14.02008056640625,1,0
24.22945785522461,15.252713203430176,1,0
40.34071350097656,14.022140502929688,1,0
24.708967208862305,13.280879974365234,1,0
44.40262985229492,15.156511306762695,1,0
19.2811222076416,13.174120903015137,1,0
40.713470458984375,14.25,1,0
13.849028587341309,11.35127067565918,1,0
19.56910514831543,11.401625633239746,1,0
42.87676239013672,13.497653007507324,0,0
40.20697021484375,12.651415824890137,1,0
43.00666809082031,14.567777633666992,0,0
25.38654136657715,13.870109558105469,0,0
41.03496551513672,14.02913761138916,0,0
28.139158248901367,14.037217140197754,0,0
40.01063919067383,14.843971252441406,0,0
28.03500747680664,14.484018325805664,0,0
40.01063919067383,14.843971252441406,0,0
28.03500747680664,14.484018325805664,0,0
42.12600326538086,14.995418548583984,0,0
19.137929916381836,12.711371421813965,0,0
42.831356048583984,15.166007995605469,0,0
40.223392486572266,14.328655242919922,0,0
13.51269817352295,11.655555725097656,0,0
38.5338249206543,13.408364295959473,0,0
23.68269157409668,11.623397827148438,0,0
38.375831604003906,13.79150104522705,1,0
19.434810638427734,13.978866577148438,1,0
39.99518585205078,12.933815002441406,1,0
16.745655059814453,10.826224327087402,1,0
44.18256759643555,15.102473258972168,1,0
26.876190185546875,14.10793685913086,1,0
40.897090911865234,15.071588516235352,1,0
21.819820404052734,15.001501083374023,1,0
40.930233001708984,14.271317481994629,0,0
18.683006286621094,12.093469619750977,0,0
39.85298538208008,14.593886375427246,1,0
42.89591979980469,15.779184341430664,1,0
26.35367774963379,14.615023612976074,1,0
42.72079849243164,14.749287605285645,1,0
24.171052932739258,15.121344566345215,1,0
39.79166793823242,14.876437187194824,1,0
25.203100204467773,13.900774955749512,1,0
38.813682556152344,14.004366874694824,1,0
24.600000381469727,15.020289421081543,1,0
41.129032135009766,13.889400482177734,1,0
21.672412872314453,13.102011680603027,1,0
39.35714340209961,13.754901885986328,0,0
19.3641300201416,12.464045524597168,0,0
40.65204620361328,13.82602310180664,1,0
23.27939224243164,14.178422927856445,1,0
38.0382080078125,12.729907989501953,1,0
39.605655670166016,13.747023582458496,1,0
27.453702926635742,12.100308418273926,1,0
40.65204620361328,13.82602310180664,0,0
38.47441864013672,12.61860466003418,1,0
25.434907913208008,15.21173095703125,1,0
40.724090576171875,13.791316986083984,0,0
38.6123046875,13.62231731414795,1,0
25.53521156311035,13.666666984558105,1,0
42.18888854980469,14.688888549804688,1,0
21.924585342407227,13.273001670837402,1,0
40.98245620727539,12.554093360900879,1,0
21.896791458129883,12.979079246520996,1,0
40.796783447265625,12.761695861816406,1,0
18.92177963256836,13.862417221069336,1,0
40.62808609008789,14.40432071685791,1,0
23.60530662536621,16.621891021728516,1,0
40.62898635864258,14.72753620147705,1,0
16.657363891601562,11.451162338256836,1,0
40.09043884277344,13.72480583190918,1,0
28.778295516967773,11.609302520751953,1,0
41.495933532714844,14.838753700256348,1,0
21.031299591064453,13.666666984558105,1,0
40.45121765136719,13.883468627929688,1,0
13.94339656829834,11.753144264221191,1,0
40.27402114868164,13.881376266479492,1,0
39.97307586669922,13.439743995666504,0,0
20.766176223754883,13.434172630310059,0,0
40.24033737182617,13.193236351013184,1,0
23.385786056518555,13.086294174194336,1,0
40.0,13.412820816040039,0,0
21.532949447631836,13.564640998840332,0,0
39.01526641845703,13.459287643432617,1,0
27.45833396911621,15.021666526794434,1,0
21.73143768310547,13.047393798828125,1,0
41.339744567871094,14.284615516662598,1,0
21.934062957763672,14.24641227722168,1,0
41.408241271972656,14.081148147583008,0,0
21.457626342773438,13.752824783325195,0,0
24.560344696044922,14.974138259887695,1,0
41.76448059082031,14.37065601348877,0,0
22.495468139648438,13.759806632995605,0,0
39.68435287475586,13.455781936645508,1,0
24.807987213134766,12.909370422363281,1,0
24.1241455078125,14.049641609191895,1,0
19.91559600830078,12.544419288635254,0,0
48.75238037109375,15.361905097961426,0,0
44.374691009521484,15.20264720916748,0,0
34.36723327636719,9.700565338134766,1,0
37.50943374633789,11.575471878051758,1,0
36.1132698059082,11.220065116882324,1,0
37.16203689575195,10.06944465637207,1,0
37.16203689575195,10.06944465637207,1,0
36.5394401550293,11.880407333374023,0,0
35.68939208984375,10.507575988769531,1,0
34.79591751098633,12.418367385864258,1,0
36.77460479736328,12.212697982788086,1,0
37.739315032958984,11.811965942382812,1,0
37.09961700439453,12.314176559448242,1,0
37.09961700439453,12.314176559448242,1,0
39.53801345825195,11.169590950012207,1,0
41.25157165527344,12.220126152038574,1,0
37.47031784057617,12.132420539855957,1,0
35.43162536621094,11.034188270568848,1,0
30.696428298950195,11.946428298950195,1,0
32.83333206176758,12.916666984558105,1,0
32.3684196472168,12.401315689086914,1,0
35.1392707824707,12.561643600463867,0,0
32.975669860839844,13.180048942565918,1,0
32.54635238647461,13.368836402893066,1,0
34.81877136230469,12.996764183044434,1,0
30.907630920410156,10.670682907104492,1,0
29.22364616394043,13.797720909118652,1,0
27.986045837402344,13.706976890563965,1,0
26.91909408569336,13.718446731567383,1,0
28.776744842529297,13.765891075134277,1,0
22.948333740234375,12.255000114440918,1,0
21.796653747558594,13.252252578735352,1,0
23.658023834228516,14.344444274902344,1,0
22.726835250854492,13.299638748168945,1,0
30.196880340576172,12.740740776062012,0,0
31.144248962402344,12.653021812438965,1,0
29.5950927734375,11.255623817443848,1,0
31.766666412353516,11.240476608276367,1,0
16.293798446655273,13.19069766998291,1,0
29.182390213012695,10.44234848022461,1,0
18.2725887298584,13.577069282531738,1,0
31.672672271728516,10.939939498901367,1,0
30.55128288269043,10.175213813781738,0,0
32.352657318115234,11.193236351013184,1,0
30.051469802856445,11.26225471496582,1,0
17.213125228881836,14.127355575561523,1,0
29.051469802856445,11.26225471496582,1,0
18.443029403686523,15.135173797607422,1,0
19.313928604125977,14.431046485900879,1,0
19.313928604125977,14.431046485900879,1,0
20.176692962646484,14.609213829040527,1,0
35.36249923706055,11.083333015441895,1,0
18.60784339904785,17.37545394897461,0,0
31.77005386352539,10.313725471496582,1,0
16.656938552856445,14.551880836486816,1,0
19.612159729003906,15.899371147155762,1,0
31.929292678833008,11.430302619934082,0,0
31.287233352661133,12.604609489440918,1,0
31.287233352661133,12.604609489440918,1,0
31.98245620727539,11.065789222717285,0,0
30.72690773010254,11.096385955810547,1,0
17.378498077392578,14.496819496154785,1,0
30.629844665527344,12.523255348205566,1,0
17.500328063964844,13.81008529663086,1,0
31.53209114074707,12.171842575073242,1,0
32.04490661621094,11.651123046875,1,0
33.716270446777344,11.464285850524902,1,0
31.98731803894043,12.358695983886719,1,0
16.26131248474121,16.740598678588867,1,0
30.88223648071289,12.015968322753906,0,0
30.88223648071289,12.015968322753906,0,0
31.64410972595215,10.305764198303223,0,0
33.10642623901367,10.269076347351074,1,0
19.017452239990234,15.141361236572266,1,0
32.45702362060547,11.358490943908691,1,0
18.349145889282227,13.490196228027344,1,0
32.574642181396484,10.928425788879395,1,0
19.561941146850586,13.655172348022461,1,0
31.877933502197266,9.079812049865723,1,0
33.005680084228516,12.089015007019043,1,0
32.85185241699219,12.41830062866211,1,0
31.903072357177734,10.874704360961914,1,0
18.37994956970215,13.420817375183105,1,0
32.20980453491211,11.127450942993164,1,0
18.724287033081055,13.452912330627441,1,0
32.19047546386719,12.653679847717285,1,0
33.76893997192383,12.539772987365723,0,0
32.9129524230957,12.365180015563965,0,0
34.10699462890625,10.102880477905273,1,0
32.40666580200195,11.224444389343262,1,0
19.56037712097168,14.431446075439453,1,0
32.06285858154297,12.05142879486084,1,0
31.405797958374023,11.471014022827148,1,0
31.64069175720215,11.47402572631836,1,0
20.577518463134766,14.44444465637207,1,0
31.927711486816406,9.931726455688477,1,0
30.34666633605957,10.297778129577637,1,0
31.250516891479492,10.171842575073242,1,0
31.0,11.22549057006836,0,0
30.596572875976562,12.5420560836792,1,0
28.169734954833984,11.91002082824707,0,0
30.750778198242188,10.926791191101074,1,0
30.91666603088379,11.95512866973877,1,0
29.535715103149414,10.676190376281738,1,0
30.771203994750977,10.859960556030273,1,0
28.27083396911621,10.765151977539062,0,0
30.846153259277344,11.923076629638672,1,0
17.19588279724121,14.918326377868652,1,0
20.243852615356445,15.866803169250488,1,0
31.004039764404297,11.149495124816895,1,0
31.047893524169922,11.465517044067383,1,0
19.052597045898438,17.201841354370117,1,0
30.421428680419922,11.690476417541504,1,0
23.14060401916504,14.089162826538086,1,0
29.10594367980957,11.855297088623047,1,0
31.10594367980957,10.855297088623047,1,0
30.608501434326172,10.742729187011719,1,0
31.168582916259766,9.015325546264648,1,0
28.83574867248535,10.794686317443848,0,0
29.941558837890625,10.803030014038086,1,0
31.94765853881836,10.537190437316895,1,0
31.413043975830078,11.620773315429688,1,0
30.151111602783203,11.782221794128418,0,0
30.151111602783203,11.782221794128418,0,0
32.58198165893555,12.551351547241211,1,0
16.864498138427734,13.941057205200195,1,0
29.480770111083984,12.145298957824707,1,0
30.34722137451172,11.011573791503906,0,0
29.758808135986328,10.799457550048828,1,0
28.120689392089844,10.669540405273438,1,0
31.212963104248047,9.495369911193848,0,0
31.212963104248047,9.495369911193848,0,0
29.143518447875977,11.909722328186035,1,0
31.55128288269043,12.100427627563477,0,0
30.608501434326172,10.742729187011719,1,0
30.44354820251465,11.03763484954834,1,0
31.467153549194336,11.287104606628418,1,0
30.657894134521484,11.039473533630371,1,0
15.735294342041016,14.05575942993164,1,0
29.235294342041016,12.68845272064209,0,0
30.480459213256836,11.83678150177002,1,0
29.62239646911621,11.59375,1,0
15.947977066040039,13.795119285583496,1,0
30.402984619140625,10.514925003051758,1,0
30.78461456298828,11.074358940124512,0,0
30.566892623901367,10.430838584899902,1,0
18.899803161621094,14.50753116607666,1,0
30.566892623901367,10.430838584899902,1,0
18.899803161621094,14.50753116607666,1,0
29.535633087158203,11.781609535217285,0,0
31.10594367980957,11.702842712402344,1,0
30.012346267700195,10.880658149719238,0,0
29.809524536132812,10.690476417541504,1,0
30.552631378173828,11.960526466369629,1,0
29.192678451538086,10.84200382232666,0,0
30.608501434326172,10.492170333862305,1,0
33.56196594238281,11.886752128601074,0,0
30.608501434326172,10.742729187011719,0,0
31.54430389404297,12.031645774841309,1,0
29.450000762939453,11.112500190734863,1,0
31.014413833618164,12.711711883544922,0,0
30.10405731201172,12.068782806396484,1,0
30.047618865966797,10.45068073272705,0,0
30.60167694091797,12.178196907043457,1,0
30.897727966308594,12.568181991577148,1,0
19.25881576538086,14.607451438903809,1,0
31.756486892700195,11.23752498626709,1,0
17.22873306274414,13.381852149963379,1,0
31.613685607910156,11.67328929901123,1,0
29.613685607910156,11.67328929901123,1,0
33.55555725097656,12.712018013000488,1,0
32.511112213134766,11.24691390991211,1,0
32.93939208984375,8.966329574584961,0,0
27.911821365356445,16.346899032592773,1,0
25.213375091552734,15.725052833557129,1,0
24.07628059387207,15.63322925567627,1,0
21.142698287963867,13.125975608825684,1,0
38.46154022216797,11.586080551147461,1,0
23.576791763305664,14.006826400756836,1,0
41.3585319519043,12.198166847229004,1,0
24.579660415649414,14.873446464538574,1,0
25.62277603149414,14.169631958007812,1,0
42.791954040527344,11.759770393371582,1,0
43.56470489501953,13.368627548217773,1,0
26.990476608276367,15.398412704467773,1,0
38.16975402832031,14.546296119689941,1,0
41.64285659790039,18.571428298950195,1,0
40.270042419433594,13.687764167785645,1,0
49.546600341796875,17.258771896362305,0,0
49.361961364746094,15.489774703979492,0,0
53.24506759643555,18.4693660736084,0,0
38.338462829589844,11.871794700622559,1,0
48.32222366333008,17.091533660888672,0,0
28.54216957092285,18.92168617248535,1,0
23.454545974731445,14.713130950927734,0,0
23.57831382751465,14.94779109954834,1,0
23.57831382751465,14.94779109954834,1,0
26.61046600341797,17.947673797607422,1,0
21.941587448120117,15.345020294189453,1,0
30.228511810302734,20.310272216796875,1,0
21.13905906677246,14.885480880737305,1,0
25.225549697875977,16.14171600341797,1,0
20.37409210205078,14.85240364074707,0,0
24.038095474243164,15.266666412353516,1,0
23.961538314819336,15.093406677246094,1,0
19.95939064025879,13.785109519958496,1,0
18.793136596679688,14.397462844848633,1,0
27.0790958404541,19.224105834960938,1,0
25.043651580810547,16.54166603088379,1,0
42.83098602294922,13.913145065307617,1,0
15.470588684082031,10.960783958435059,1,0
37.75959777832031,10.151515007019043,0,0
17.411348342895508,9.652482032775879,1,0
19.049999237060547,11.747916221618652,1,0
23.133333206176758,10.419047355651855,1,0
41.33126449584961,10.681159019470215,0,0
38.66851806640625,10.425926208496094,0,0
36.47878646850586,9.624242782592773,0,0
36.516666412353516,9.4399995803833,1,0
22.914339065551758,14.251396179199219,1,0
39.073768615722656,8.663934707641602,1,0
35.39655303955078,9.643677711486816,1,0
17.770244598388672,9.911487579345703,1,0
37.650794982910156,10.365078926086426,1,0
11.583333015441895,10.028409004211426,1,0
36.5,9.5,1,0
38.228309631347656,8.388128280639648,1,0
16.629060745239258,10.11111068725586,1,0
35.69963455200195,9.443222999572754,1,0
24.27666664123535,12.550000190734863,1,0
35.33333206176758,8.666666984558105,1,0
36.23484802246094,9.465909004211426,1,0
19.260364532470703,10.877280235290527,1,0
37.05833435058594,9.683333396911621,1,0
36.142276763916016,9.691057205200195,1,0
35.97435760498047,9.700854301452637,1,0
23.22647476196289,12.457735061645508,1,0
35.15891647338867,10.45348834991455,1,0
35.374568939208984,10.76632308959961,1,0
17.981000900268555,10.474956512451172,1,0
39.0,9.5,0,0
37.65064239501953,10.461538314819336,1,0
37.65064239501953,10.461538314819336,1,0
35.659420013427734,9.072463989257812,0,0
37.81278610229492,10.132420539855957,0,0
38.0,11.349882125854492,1,0
31.659313201904297,12.767156600952148,1,0
39.15962600708008,11.478873252868652,1,0
37.98122024536133,11.075117111206055,1,0
39.78744125366211,11.157004356384277,0,0
39.606964111328125,11.691542625427246,0,0
38.87771224975586,12.179487228393555,1,0
39.17927169799805,10.859944343566895,1,0
24.559072494506836,11.41772174835205,1,0
39.17927169799805,10.859944343566895,1,0
24.559072494506836,11.41772174835205,1,0
38.12250900268555,9.82336139678955,1,0
38.7843132019043,11.078431129455566,1,0
39.16666793823242,10.804232597351074,1,0
15.903703689575195,10.29135799407959,1,0
39.84873962402344,10.495798110961914,0,0
40.17927169799805,11.859944343566895,0,0
40.07281494140625,11.202265739440918,0,0
39.2023811340332,11.102678298950195,1,0
31.72121238708496,12.278787612915039,1,0
39.49010467529297,11.22374439239502,0,0
39.49010467529297,11.22374439239502,0,0
41.72296142578125,11.133333206176758,0,0
